model_loss,accuracy,precision,recall,f1,tpr,tnr,optimal_threshold
Random_Forest_Dice_Loss,0.9669811320754716,0.9715639810426541,0.9624413145539906,0.9669811320754716,0.9624413145539906,0.9715639810426541,0.4368421052631579
Random_Forest_Focal_Loss,0.9386792452830188,1.0,0.8779342723004695,0.935,0.8779342723004695,1.0,0.8578947368421053
Random_Forest_Tversky_Loss,0.9669811320754716,0.9715639810426541,0.9624413145539906,0.9669811320754716,0.9624413145539906,0.9715639810426541,0.4368421052631579
Logistic_Regression_Dice_Loss,0.9339622641509434,0.9039301310043668,0.971830985915493,0.9366515837104072,0.971830985915493,0.8957345971563981,0.1842105263157895
Logistic_Regression_Focal_Loss,0.9150943396226415,0.9783783783783784,0.8497652582159625,0.9095477386934674,0.8497652582159625,0.981042654028436,0.8578947368421053
Logistic_Regression_Tversky_Loss,0.9339622641509434,0.9039301310043668,0.971830985915493,0.9366515837104072,0.971830985915493,0.8957345971563981,0.1842105263157895
Weighted_Logistic_Regression_Dice_Loss,0.9339622641509434,0.9039301310043668,0.971830985915493,0.9366515837104072,0.971830985915493,0.8957345971563981,0.1842105263157895
Weighted_Logistic_Regression_Focal_Loss,0.9150943396226415,0.9783783783783784,0.8497652582159625,0.9095477386934674,0.8497652582159625,0.981042654028436,0.8578947368421053
Weighted_Logistic_Regression_Tversky_Loss,0.9339622641509434,0.9039301310043668,0.971830985915493,0.9366515837104072,0.971830985915493,0.8957345971563981,0.1842105263157895
