model_loss,accuracy,optimal_threshold,tpr,tnr,macro avg_precision,macro avg_recall,macro avg_f1-score,macro avg_support,weighted avg_precision,weighted avg_recall,weighted avg_f1-score,weighted avg_support
Logistic_Regression_Original_Loss_CustomTraining,0.9397473275024295,0.5,0.93359375,0.9458413926499033,0.9398272356955539,0.9397175713249517,0.9397404412875925,1029.0,0.9398037332858115,0.9397473275024295,0.9397435713852457,1029.0
Logistic_Regression_Focal_Loss_CustomTraining,0.9397473275024295,0.5,0.93359375,0.9458413926499033,0.9398272356955539,0.9397175713249517,0.9397404412875925,1029.0,0.9398037332858115,0.9397473275024295,0.9397435713852457,1029.0
Logistic_Regression_Tversky_Loss_CustomTraining,0.9397473275024295,0.5,0.93359375,0.9458413926499033,0.9398272356955539,0.9397175713249517,0.9397404412875925,1029.0,0.9398037332858115,0.9397473275024295,0.9397435713852457,1029.0
