{
  "species_name": "Ficus carica",
  "model_evaluations": {
    "Random_Forest_Dice_Loss_CustomTraining": {
      "accuracy": 0.8260869565217391,
      "confusion_matrix": [
        [
          9,
          2
        ],
        [
          2,
          10
        ]
      ],
      "classification_report": {
        "0.0": {
          "precision": 0.8181818181818182,
          "recall": 0.8181818181818182,
          "f1-score": 0.8181818181818182,
          "support": 11.0
        },
        "1.0": {
          "precision": 0.8333333333333334,
          "recall": 0.8333333333333334,
          "f1-score": 0.8333333333333334,
          "support": 12.0
        },
        "accuracy": 0.8260869565217391,
        "macro avg": {
          "precision": 0.8257575757575758,
          "recall": 0.8257575757575758,
          "f1-score": 0.8257575757575758,
          "support": 23.0
        },
        "weighted avg": {
          "precision": 0.8260869565217391,
          "recall": 0.8260869565217391,
          "f1-score": 0.8260869565217391,
          "support": 23.0
        }
      },
      "tpr": 0.8333333333333334,
      "tnr": 0.8181818181818182
    },
    "Random_Forest_Focal_Loss_CustomTraining": {
      "accuracy": 0.8695652173913043,
      "confusion_matrix": [
        [
          10,
          1
        ],
        [
          2,
          10
        ]
      ],
      "classification_report": {
        "0.0": {
          "precision": 0.8333333333333334,
          "recall": 0.9090909090909091,
          "f1-score": 0.8695652173913043,
          "support": 11.0
        },
        "1.0": {
          "precision": 0.9090909090909091,
          "recall": 0.8333333333333334,
          "f1-score": 0.8695652173913043,
          "support": 12.0
        },
        "accuracy": 0.8695652173913043,
        "macro avg": {
          "precision": 0.8712121212121212,
          "recall": 0.8712121212121212,
          "f1-score": 0.8695652173913043,
          "support": 23.0
        },
        "weighted avg": {
          "precision": 0.8728590250329382,
          "recall": 0.8695652173913043,
          "f1-score": 0.8695652173913043,
          "support": 23.0
        }
      },
      "tpr": 0.8333333333333334,
      "tnr": 0.9090909090909091
    },
    "Random_Forest_Tversky_Loss_CustomTraining": {
      "accuracy": 0.8260869565217391,
      "confusion_matrix": [
        [
          9,
          2
        ],
        [
          2,
          10
        ]
      ],
      "classification_report": {
        "0.0": {
          "precision": 0.8181818181818182,
          "recall": 0.8181818181818182,
          "f1-score": 0.8181818181818182,
          "support": 11.0
        },
        "1.0": {
          "precision": 0.8333333333333334,
          "recall": 0.8333333333333334,
          "f1-score": 0.8333333333333334,
          "support": 12.0
        },
        "accuracy": 0.8260869565217391,
        "macro avg": {
          "precision": 0.8257575757575758,
          "recall": 0.8257575757575758,
          "f1-score": 0.8257575757575758,
          "support": 23.0
        },
        "weighted avg": {
          "precision": 0.8260869565217391,
          "recall": 0.8260869565217391,
          "f1-score": 0.8260869565217391,
          "support": 23.0
        }
      },
      "tpr": 0.8333333333333334,
      "tnr": 0.8181818181818182
    },
    "Logistic_Regression_Dice_Loss_CustomTraining": {
      "accuracy": 0.4782608695652174,
      "confusion_matrix": [
        [
          11,
          0
        ],
        [
          12,
          0
        ]
      ],
      "classification_report": {
        "0.0": {
          "precision": 0.4782608695652174,
          "recall": 1.0,
          "f1-score": 0.6470588235294118,
          "support": 11.0
        },
        "1.0": {
          "precision": 0.0,
          "recall": 0.0,
          "f1-score": 0.0,
          "support": 12.0
        },
        "accuracy": 0.4782608695652174,
        "macro avg": {
          "precision": 0.2391304347826087,
          "recall": 0.5,
          "f1-score": 0.3235294117647059,
          "support": 23.0
        },
        "weighted avg": {
          "precision": 0.2287334593572779,
          "recall": 0.4782608695652174,
          "f1-score": 0.309462915601023,
          "support": 23.0
        }
      },
      "tpr": 0.0,
      "tnr": 1.0
    },
    "Logistic_Regression_Focal_Loss_CustomTraining": {
      "accuracy": 0.4782608695652174,
      "confusion_matrix": [
        [
          11,
          0
        ],
        [
          12,
          0
        ]
      ],
      "classification_report": {
        "0.0": {
          "precision": 0.4782608695652174,
          "recall": 1.0,
          "f1-score": 0.6470588235294118,
          "support": 11.0
        },
        "1.0": {
          "precision": 0.0,
          "recall": 0.0,
          "f1-score": 0.0,
          "support": 12.0
        },
        "accuracy": 0.4782608695652174,
        "macro avg": {
          "precision": 0.2391304347826087,
          "recall": 0.5,
          "f1-score": 0.3235294117647059,
          "support": 23.0
        },
        "weighted avg": {
          "precision": 0.2287334593572779,
          "recall": 0.4782608695652174,
          "f1-score": 0.309462915601023,
          "support": 23.0
        }
      },
      "tpr": 0.0,
      "tnr": 1.0
    },
    "Logistic_Regression_Tversky_Loss_CustomTraining": {
      "accuracy": 0.4782608695652174,
      "confusion_matrix": [
        [
          11,
          0
        ],
        [
          12,
          0
        ]
      ],
      "classification_report": {
        "0.0": {
          "precision": 0.4782608695652174,
          "recall": 1.0,
          "f1-score": 0.6470588235294118,
          "support": 11.0
        },
        "1.0": {
          "precision": 0.0,
          "recall": 0.0,
          "f1-score": 0.0,
          "support": 12.0
        },
        "accuracy": 0.4782608695652174,
        "macro avg": {
          "precision": 0.2391304347826087,
          "recall": 0.5,
          "f1-score": 0.3235294117647059,
          "support": 23.0
        },
        "weighted avg": {
          "precision": 0.2287334593572779,
          "recall": 0.4782608695652174,
          "f1-score": 0.309462915601023,
          "support": 23.0
        }
      },
      "tpr": 0.0,
      "tnr": 1.0
    },
    "Weighted_Logistic_Regression_Dice_Loss_CustomTraining": {
      "accuracy": 0.4782608695652174,
      "confusion_matrix": [
        [
          11,
          0
        ],
        [
          12,
          0
        ]
      ],
      "classification_report": {
        "0.0": {
          "precision": 0.4782608695652174,
          "recall": 1.0,
          "f1-score": 0.6470588235294118,
          "support": 11.0
        },
        "1.0": {
          "precision": 0.0,
          "recall": 0.0,
          "f1-score": 0.0,
          "support": 12.0
        },
        "accuracy": 0.4782608695652174,
        "macro avg": {
          "precision": 0.2391304347826087,
          "recall": 0.5,
          "f1-score": 0.3235294117647059,
          "support": 23.0
        },
        "weighted avg": {
          "precision": 0.2287334593572779,
          "recall": 0.4782608695652174,
          "f1-score": 0.309462915601023,
          "support": 23.0
        }
      },
      "tpr": 0.0,
      "tnr": 1.0
    },
    "Weighted_Logistic_Regression_Focal_Loss_CustomTraining": {
      "accuracy": 0.4782608695652174,
      "confusion_matrix": [
        [
          11,
          0
        ],
        [
          12,
          0
        ]
      ],
      "classification_report": {
        "0.0": {
          "precision": 0.4782608695652174,
          "recall": 1.0,
          "f1-score": 0.6470588235294118,
          "support": 11.0
        },
        "1.0": {
          "precision": 0.0,
          "recall": 0.0,
          "f1-score": 0.0,
          "support": 12.0
        },
        "accuracy": 0.4782608695652174,