model_loss,accuracy,tpr,tnr,macro avg_precision,macro avg_recall,macro avg_f1-score,macro avg_support,weighted avg_precision,weighted avg_recall,weighted avg_f1-score,weighted avg_support
Random_Forest_Dice_Loss_CustomTraining,0.8260869565217391,0.8333333333333334,0.8181818181818182,0.8257575757575758,0.8257575757575758,0.8257575757575758,23.0,0.8260869565217391,0.8260869565217391,0.8260869565217391,23.0
Random_Forest_Focal_Loss_CustomTraining,0.8695652173913043,0.8333333333333334,0.9090909090909091,0.8712121212121212,0.8712121212121212,0.8695652173913043,23.0,0.8728590250329382,0.8695652173913043,0.8695652173913043,23.0
Random_Forest_Tversky_Loss_CustomTraining,0.8260869565217391,0.8333333333333334,0.8181818181818182,0.8257575757575758,0.8257575757575758,0.8257575757575758,23.0,0.8260869565217391,0.8260869565217391,0.8260869565217391,23.0
Logistic_Regression_Dice_Loss_CustomTraining,0.4782608695652174,0.0,1.0,0.2391304347826087,0.5,0.3235294117647059,23.0,0.2287334593572779,0.4782608695652174,0.309462915601023,23.0
Logistic_Regression_Focal_Loss_CustomTraining,0.4782608695652174,0.0,1.0,0.2391304347826087,0.5,0.3235294117647059,23.0,0.2287334593572779,0.4782608695652174,0.309462915601023,23.0
Logistic_Regression_Tversky_Loss_CustomTraining,0.4782608695652174,0.0,1.0,0.2391304347826087,0.5,0.3235294117647059,23.0,0.2287334593572779,0.4782608695652174,0.309462915601023,23.0
Weighted_Logistic_Regression_Dice_Loss_CustomTraining,0.4782608695652174,0.0,1.0,0.2391304347826087,0.5,0.3235294117647059,23.0,0.2287334593572779,0.4782608695652174,0.309462915601023,23.0
Weighted_Logistic_Regression_Focal_Loss_CustomTraining,0.4782608695652174,0.0,1.0,0.2391304347826087,0.5,0.3235294117647059,23.0,0.2287334593572779,0.4782608695652174,0.309462915601023,23.0
Weighted_Logistic_Regression_Tversky_Loss_CustomTraining,0.4782608695652174,0.0,1.0,0.2391304347826087,0.5,0.3235294117647059,23.0,0.2287334593572779,0.4782608695652174,0.309462915601023,23.0
