model_loss,accuracy,precision,recall,f1,tpr,tnr,optimal_threshold
Random_Forest_Dice_Loss,0.9839743589743589,0.9808917197452229,0.9871794871794872,0.9840255591054313,0.9871794871794872,0.9807692307692307,0.26842105263157895
Random_Forest_Focal_Loss,0.9839743589743589,0.9808917197452229,0.9871794871794872,0.9840255591054313,0.9871794871794872,0.9807692307692307,0.26842105263157895
Random_Forest_Tversky_Loss,0.9839743589743589,0.9808917197452229,0.9871794871794872,0.9840255591054313,0.9871794871794872,0.9807692307692307,0.26842105263157895
Logistic_Regression_Dice_Loss,0.9134615384615384,0.9448275862068966,0.8782051282051282,0.9102990033222591,0.8782051282051282,0.9487179487179487,0.6052631578947368
Logistic_Regression_Focal_Loss,0.6314102564102564,1.0,0.26282051282051283,0.41624365482233505,0.26282051282051283,1.0,0.9
Logistic_Regression_Tversky_Loss,0.907051282051282,0.9150326797385621,0.8974358974358975,0.9061488673139159,0.8974358974358975,0.9166666666666666,0.5631578947368421
Weighted_Logistic_Regression_Dice_Loss,0.8653846153846154,0.8475609756097561,0.8910256410256411,0.86875,0.8910256410256411,0.8397435897435898,0.8157894736842105
Weighted_Logistic_Regression_Focal_Loss,0.8173076923076923,0.9024390243902439,0.7115384615384616,0.7956989247311828,0.7115384615384616,0.9230769230769231,0.9
Weighted_Logistic_Regression_Tversky_Loss,0.8525641025641025,0.8055555555555556,0.9294871794871795,0.8630952380952381,0.9294871794871795,0.7756410256410257,0.6894736842105262
