model_loss,accuracy,precision,recall,f1,tpr,tnr,optimal_threshold
Random_Forest_Dice_Loss,1.0,1.0,1.0,1.0,1.0,1.0,0.31052631578947365
Random_Forest_Focal_Loss,1.0,1.0,1.0,1.0,1.0,1.0,0.31052631578947365
Random_Forest_Tversky_Loss,1.0,1.0,1.0,1.0,1.0,1.0,0.31052631578947365
Logistic_Regression_Dice_Loss,0.8716216216216216,0.9,0.84,0.8689655172413793,0.84,0.9041095890410958,0.4368421052631579
Logistic_Regression_Focal_Loss,0.8378378378378378,1.0,0.68,0.8095238095238095,0.68,1.0,0.6052631578947368
Logistic_Regression_Tversky_Loss,0.7567567567567568,0.6788990825688074,0.9866666666666667,0.8043478260869565,0.9866666666666667,0.5205479452054794,0.22631578947368422
Weighted_Logistic_Regression_Dice_Loss,0.8716216216216216,0.9,0.84,0.8689655172413793,0.84,0.9041095890410958,0.4368421052631579
Weighted_Logistic_Regression_Focal_Loss,0.8378378378378378,1.0,0.68,0.8095238095238095,0.68,1.0,0.6052631578947368
Weighted_Logistic_Regression_Tversky_Loss,0.7567567567567568,0.6788990825688074,0.9866666666666667,0.8043478260869565,0.9866666666666667,0.5205479452054794,0.22631578947368422
